<?xml version="1.0" encoding="UTF-8" standalone="yes"?>
<Content>
    <Views>
        <ViewDef id="36a749f6-f32a-4cc9-a4ed-6271d892ebb8">
            <Title>JT - VM Memory Ballooning</Title>
            <Description/>
            <SubjectType adapterKind="VMWARE" filter="[[{&quot;condition&quot;:&quot;GREATER_THAN&quot;,&quot;metricKey&quot;:&quot;mem|vmmemctl_average&quot;,&quot;metricValue&quot;:{&quot;isStringMetric&quot;:false,&quot;value&quot;:0},&quot;filterType&quot;:&quot;metrics&quot;}]]" resourceKind="VirtualMachine" type="descendant"/>
            <SubjectType adapterKind="VMWARE" filter="[[{&quot;condition&quot;:&quot;GREATER_THAN&quot;,&quot;metricKey&quot;:&quot;mem|vmmemctl_average&quot;,&quot;metricValue&quot;:{&quot;isStringMetric&quot;:false,&quot;value&quot;:0},&quot;filterType&quot;:&quot;metrics&quot;}]]" resourceKind="VirtualMachine" type="self"/>
            <Usage>dashboard</Usage>
            <Usage>report</Usage>
            <Usage>details</Usage>
            <Usage>content</Usage>
            <Controls>
                <Control id="time-interval-selector_id_561" type="time-interval-selector" visible="false">
                    <Property name="advancedTimeMode" value="false"/>
                    <Property name="unit" value="MINUTES"/>
                    <Property name="count" value="1"/>
                </Control>
                <Control id="attributes-selector_id_562" type="attributes-selector" visible="false">
                    <Property name="attributeInfos">
                        <List>
                            <Item>
<Value>
    <Property name="objectType" value="RESOURCE"/>
    <Property name="attributeKey" value="mem|vmmemctl_average"/>
    <Property name="preferredUnitId" value="auto"/>
    <Property name="isStringAttribute" value="false"/>
    <Property name="adapterKind" value="VMWARE"/>
    <Property name="resourceKind" value="VirtualMachine"/>
    <Property name="rollUpType" value="NONE"/>
    <Property name="rollUpCount" value="0"/>
    <Property name="transformations">
        <List>
            <Item value="LAST"/>
        </List>
    </Property>
    <Property name="sortCriteria" value="false"/>
    <Property name="isProperty" value="false"/>
    <Property name="displayName" value="Mem Ballooning"/>
</Value>
                            </Item>
                        </List>
                    </Property>
                </Control>
                <Control id="pagination-control_id_563" type="pagination-control" visible="true">
                    <Property name="start" value="0"/>
                    <Property name="size" value="100"/>
                </Control>
                <Control id="metadata_id_564" type="metadata" visible="false">
                    <Property name="maxPointsCount" value="5000"/>
                    <Property name="distributionColor" value="6870C4"/>
                    <Property name="hideObjectNameColumn" value="false"/>
                    <Property name="listTopResultSize" value="-1"/>
                </Control>
            </Controls>
            <DataProviders>
                <DataProvider dataType="list-view" id="list-view_id_560"/>
            </DataProviders>
            <Presentation type="list"/>
        </ViewDef>
    </Views>
</Content>
