{
   "dashboards": [{
      "autoswitchEnabled": false,
      "columnCount": 1,
      "columnProportion": "0.2658595641646489",
      "creationTime": 1542208641672,
      "description": "",
      "disabled": false,
      "gridsterMaxColumns": 12,
      "hidden": false,
      "homeTab": false,
      "id": "a0638298-9094-4a2c-901c-3fddac929e19",
      "importAttempts": 0,
      "importComplete": true,
      "isDefault": false,
      "locked": false,
      "name": "VM Issues",
      "rank": 98,
      "shared": true,
      "temporary": false,
      "userId": "858abcc3-fcb1-4553-abe2-43a1ab94ef74",
      "widgetInteractions": [],
      "widgets": [
         {
            "collapsed": false,
            "config": {
               "resource": {
                  "adapterKindId": null,
                  "allowDrag": true,
                  "allowDrop": true,
                  "checked": null,
                  "children": null,
                  "cls": "",
                  "depth": 3,
                  "expandable": true,
                  "expanded": false,
                  "href": "",
                  "hrefTarget": "",
                  "icon": "",
                  "iconCls": "resknd_default_vmware_vsphereworld",
                  "iconSrc": "images/resknd/default/16x16/VMWARE_vSphere World.png",
                  "id": "7ea9756a-3adf-40b8-b5db-2f30a950e4c0",
                  "index": 0,
                  "isFirst": true,
                  "isLast": true,
                  "leaf": true,
                  "loaded": false,
                  "loading": false,
                  "nodeType": "resource",
                  "parentId": "002006VMWAREvSphere World",
                  "qshowDelay": 0,
                  "qtip": "",
                  "qtitle": "",
                  "resourceId": "resource:id:0_::_",
                  "resourceKindId": "002006VMWAREvSphere World",
                  "resourceKindKey": "{adKind=VMWARE, resKind=vSphere World}",
                  "resourceKindType": "8",
                  "resourceName": "vSphere World",
                  "root": false,
                  "text": "vSphere World",
                  "traversalSpecId": "",
                  "uniqueId": "7ea9756a-3adf-40b8-b5db-2f30a950e4c0_1462474222516",
                  "visible": true
               },
               "selfProvider": {"selfProvider": true},
               "title": "VM Memory Ballooning",
               "viewDefinitionId": "36a749f6-f32a-4cc9-a4ed-6271d892ebb8"
            },
            "gridsterCoords": {
               "h": 8,
               "w": 4,
               "x": 1,
               "y": 25
            },
            "height": 278,
            "id": "f54dedf3-84ad-48dd-b538-9a9db43a7ac7",
            "title": "VM Memory Ballooning",
            "type": "View",
            "x": 3,
            "y": 2
         },
         {
            "collapsed": false,
            "config": {
               "resource": {
                  "adapterKindId": null,
                  "allowDrag": true,
                  "allowDrop": true,
                  "checked": null,
                  "children": null,
                  "cls": "",
                  "depth": 3,
                  "expandable": true,
                  "expanded": false,
                  "href": "",
                  "hrefTarget": "",
                  "icon": "",
                  "iconCls": "resknd_default_vmware_vsphereworld",
                  "iconSrc": "images/resknd/default/16x16/VMWARE_vSphere World.png",
                  "id": "7ea9756a-3adf-40b8-b5db-2f30a950e4c0",
                  "index": 0,
                  "isFirst": true,
                  "isLast": true,
                  "leaf": true,
                  "loaded": false,
                  "loading": false,
                  "nodeType": "resource",
                  "parentId": "002006VMWAREvSphere World",
                  "qshowDelay": 0,
                  "qtip": "",
                  "qtitle": "",
                  "resourceId": "resource:id:0_::_",
                  "resourceKindId": "002006VMWAREvSphere World",
                  "resourceKindKey": "{adKind=VMWARE, resKind=vSphere World}",
                  "resourceKindType": "8",
                  "resourceName": "vSphere World",
                  "root": false,
                  "text": "vSphere World",
                  "traversalSpecId": "",
                  "uniqueId": "7ea9756a-3adf-40b8-b5db-2f30a950e4c0_1469117259231",
                  "visible": true
               },
               "selfProvider": {"selfProvider": true},
               "title": "VM Disk Write Latency >10ms",
               "viewDefinitionId": "50eaba2b-cfa9-4d83-a0fb-a6d7f21b31c3"
            },
            "gridsterCoords": {
               "h": 8,
               "w": 4,
               "x": 5,
               "y": 33
            },
            "height": 278,
            "id": "98124055-8b08-4953-a00f-5ce048dd9871",
            "title": "VM Disk Write Latency >10ms",
            "type": "View",
            "x": 1,
            "y": 3
         },
         {
            "collapsed": false,
            "config": {
               "resource": {
                  "adapterKindId": null,
                  "allowDrag": true,
                  "allowDrop": true,
                  "checked": null,
                  "children": null,
                  "cls": "",
                  "depth": 3,
                  "expandable": true,
                  "expanded": false,
                  "href": "",
                  "hrefTarget": "",
                  "icon": "",
                  "iconCls": "resknd_default_vmware_vsphereworld",
                  "iconSrc": "images/resknd/default/16x16/VMWARE_vSphere World.png",
                  "id": "7ea9756a-3adf-40b8-b5db-2f30a950e4c0",
                  "index": 0,
                  "isFirst": true,
                  "isLast": true,
                  "leaf": true,
                  "loaded": false,
                  "loading": false,
                  "nodeType": "resource",
                  "parentId": "002006VMWAREvSphere World",
                  "qshowDelay": 0,
                  "qtip": "",
                  "qtitle": "",
                  "resourceId": "resource:id:0_::_",
                  "resourceKindId": "002006VMWAREvSphere World",
                  "resourceKindKey": "{adKind=VMWARE, resKind=vSphere World}",
                  "resourceKindType": "8",
                  "resourceName": "vSphere World",
                  "root": false,
                  "text": "vSphere World",
                  "traversalSpecId": "",
                  "uniqueId": "7ea9756a-3adf-40b8-b5db-2f30a950e4c0_1471359706568",
                  "visible": true
               },
               "selfProvider": {"selfProvider": true},
               "title": "VM CPU Contention > 10%",
               "viewDefinitionId": "db111545-7d35-4ef8-8c03-0e2a0217fb34"
            },
            "gridsterCoords": {
               "h": 8,
               "w": 4,
               "x": 5,
               "y": 9
            },
            "height": 278,
            "id": "94aa0322-f821-4625-afb2-61984e995fae",
            "title": "VM CPU Contention > 10%",
            "type": "View",
            "x": 2,
            "y": 1
         },
         {
            "collapsed": false,
            "config": {
               "resource": {
                  "adapterKindId": null,
                  "allowDrag": true,
                  "allowDrop": true,
                  "checked": null,
                  "children": null,
                  "cls": "",
                  "depth": 3,
                  "expandable": true,
                  "expanded": false,
                  "href": "",
                  "hrefTarget": "",
                  "icon": "",
                  "iconCls": "resknd_default_vmware_vsphereworld",
                  "iconSrc": "images/resknd/default/16x16/VMWARE_vSphere World.png",
                  "id": "7ea9756a-3adf-40b8-b5db-2f30a950e4c0",
                  "index": 0,
                  "isFirst": true,
                  "isLast": true,
                  "leaf": true,
                  "loaded": false,
                  "loading": false,
                  "nodeType": "resource",
                  "parentId": "002006VMWAREvSphere World",
                  "qshowDelay": 0,
                  "qtip": "",
                  "qtitle": "",
                  "resourceId": "resource:id:0_::_",
                  "resourceKindId": "002006VMWAREvSphere World",
                  "resourceKindKey": "{adKind=VMWARE, resKind=vSphere World}",
                  "resourceKindType": "8",
                  "resourceName": "vSphere World",
                  "root": false,
                  "text": "vSphere World",
                  "traversalSpecId": "",
                  "uniqueId": "7ea9756a-3adf-40b8-b5db-2f30a950e4c0_1469117221119",
                  "visible": true
               },
               "selfProvider": {"selfProvider": true},
               "title": "VM Disk Read Latency > 10ms",
               "viewDefinitionId": "d4dd7649-fbeb-4570-abdb-e64396f3f808"
            },
            "gridsterCoords": {
               "h": 8,
               "w": 4,
               "x": 9,
               "y": 33
            },
            "height": 278,
            "id": "a1657d86-14e1-4663-bbdc-fdb9754bfcba",
            "title": "VM Disk Read Latency > 10ms",
            "type": "View",
            "x": 2,
            "y": 3
         },
         {
            "collapsed": false,
            "config": {
               "resource": {
                  "adapterKindId": "VMWARE",
                  "allowDrag": true,
                  "allowDrop": true,
                  "checked": null,
                  "children": null,
                  "cls": "",
                  "depth": 3,
                  "expandable": true,
                  "expanded": false,
                  "href": "",
                  "hrefTarget": "",
                  "icon": "",
                  "iconCls": "resknd_default_vmware_vsphereworld",
                  "iconSrc": "images/resknd/default/16x16/VMWARE_vSphere World.png",
                  "id": "7ea9756a-3adf-40b8-b5db-2f30a950e4c0",
                  "index": 0,
                  "isFirst": true,
                  "isLast": true,
                  "leaf": true,
                  "loaded": false,
                  "loading": false,
                  "nodeType": "resource",
                  "parentId": "Ext.vcops.ResourceTree.Model-37",
                  "qshowDelay": 0,
                  "qtip": "",
                  "qtitle": "",
                  "resourceId": "resource:id:0_::_",
                  "resourceKindId": "002006VMWAREvSphere World",
                  "resourceKindKey": "{adKind=VMWARE, resKind=vSphere World}",
                  "resourceKindType": "8",
                  "resourceName": "vSphere World",
                  "root": false,
                  "text": "vSphere World",
                  "traversalSpecId": "",
                  "uniqueId": "7ea9756a-3adf-40b8-b5db-2f30a950e4c0_1462897473185",
                  "visible": true
               },
               "selfProvider": {"selfProvider": true},
               "title": "VM CPU Limit",
               "viewDefinitionId": "4f515cf2-c03d-49d8-8f6f-3411613e0ad9"
            },
            "gridsterCoords": {
               "h": 8,
               "w": 4,
               "x": 9,
               "y": 9
            },
            "height": 278,
            "id": "1780b861-47cc-4da6-9017-272beea1eea0",
            "title": "VM CPU Limit",
            "type": "View",
            "x": 4,
            "y": 4
         },
         {
            "collapsed": false,
            "config": {
               "resource": {
                  "adapterKindId": "VMWARE",
                  "allowDrag": true,
                  "allowDrop": true,
                  "checked": null,
                  "children": null,
                  "cls": "",
                  "depth": 3,
                  "expandable": true,
                  "expanded": false,
                  "href": "",
                  "hrefTarget": "",
                  "icon": "",
                  "iconCls": "resknd_default_vmware_vsphereworld",
                  "iconSrc": "images/resknd/default/16x16/VMWARE_vSphere World.png",
                  "id": "7ea9756a-3adf-40b8-b5db-2f30a950e4c0",
                  "index": 0,
                  "isFirst": true,
                  "isLast": true,
                  "leaf": true,
                  "loaded": false,
                  "loading": false,
                  "nodeType": "resource",
                  "parentId": "Ext.vcops.ResourceTree.Model-37",
                  "qshowDelay": 0,
                  "qtip": "",
                  "qtitle": "",
                  "resourceId": "resource:id:0_::_",
                  "resourceKindId": "002006VMWAREvSphere World",
                  "resourceKindKey": "{adKind=VMWARE, resKind=vSphere World}",
                  "resourceKindType": "8",
                  "resourceName": "vSphere World",
                  "root": false,
                  "text": "vSphere World",
                  "traversalSpecId": "",
                  "uniqueId": "7ea9756a-3adf-40b8-b5db-2f30a950e4c0_1462472807601",
                  "visible": true
               },
               "selfProvider": {"selfProvider": true},
               "title": "VM CPU Ready Time > 10%",
               "viewDefinitionId": "6b65a283-d656-4e79-8b4b-f7d90d7ef507"
            },
            "gridsterCoords": {
               "h": 8,
               "w": 4,
               "x": 5,
               "y": 1
            },
            "height": 278,
            "id": "b44ffcb5-6f1a-4c07-8f04-cd95dd5919f0",
            "title": "VM CPU Ready Time > 10%",
            "type": "View",
            "x": 3,
            "y": 1
         },
         {
            "collapsed": false,
            "config": {
               "resource": {
                  "adapterKindId": null,
                  "allowDrag": true,
                  "allowDrop": true,
                  "checked": null,
                  "children": null,
                  "cls": "",
                  "depth": 3,
                  "expandable": true,
                  "expanded": false,
                  "href": "",
                  "hrefTarget": "",
                  "icon": "",
                  "iconCls": "resknd_default_vmware_vsphereworld",
                  "iconSrc": "images/resknd/default/16x16/VMWARE_vSphere World.png",
                  "id": "7ea9756a-3adf-40b8-b5db-2f30a950e4c0",
                  "index": 0,
                  "isFirst": true,
                  "isLast": true,
                  "leaf": true,
                  "loaded": false,
                  "loading": false,
                  "nodeType": "resource",
                  "parentId": "002006VMWAREvSphere World",
                  "qshowDelay": 0,
                  "qtip": "",
                  "qtitle": "",
                  "resourceId": "resource:id:0_::_",
                  "resourceKindId": "002006VMWAREvSphere World",
                  "resourceKindKey": "{adKind=VMWARE, resKind=vSphere World}",
                  "resourceKindType": "8",
                  "resourceName": "vSphere World",
                  "root": false,
                  "text": "vSphere World",
                  "traversalSpecId": "",
                  "uniqueId": "7ea9756a-3adf-40b8-b5db-2f30a950e4c0_1462473877483",
                  "visible": true
               },
               "selfProvider": {"selfProvider": true},
               "title": "VM Memory Limit",
               "viewDefinitionId": "e27e3f37-453a-48f5-9123-03c6198bab21"
            },
            "gridsterCoords": {
               "h": 8,
               "w": 4,
               "x": 5,
               "y": 25
            },
            "height": 278,
            "id": "beb4150f-9f9b-4364-b8cf-eeb41ec224a7",
            "title": "VM Memory Limit",
            "type": "View",
            "x": 4,
            "y": 2
         },
         {
            "collapsed": false,
            "config": {
               "resource": {
                  "adapterKindId": null,
                  "allowDrag": true,
                  "allowDrop": true,
                  "checked": null,
                  "children": null,
                  "cls": "",
                  "depth": 3,
                  "expandable": true,
                  "expanded": false,
                  "href": "",
                  "hrefTarget": "",
                  "icon": "",
                  "iconCls": "resknd_default_vmware_vsphereworld",
                  "iconSrc": "images/resknd/default/16x16/VMWARE_vSphere World.png",
                  "id": "7ea9756a-3adf-40b8-b5db-2f30a950e4c0",
                  "index": 0,
                  "isFirst": true,
                  "isLast": true,
                  "leaf": true,
                  "loaded": false,
                  "loading": false,
                  "nodeType": "resource",
                  "parentId": "002006VMWAREvSphere World",
                  "qshowDelay": 0,
                  "qtip": "",
                  "qtitle": "",
                  "resourceId": "resource:id:0_::_",
                  "resourceKindId": "002006VMWAREvSphere World",
                  "resourceKindKey": "{adKind=VMWARE, resKind=vSphere World}",
                  "resourceKindType": "8",
                  "resourceName": "vSphere World",
                  "root": false,
                  "text": "vSphere World",
                  "traversalSpecId": "",
                  "uniqueId": "7ea9756a-3adf-40b8-b5db-2f30a950e4c0_1471359915600",
                  "visible": true
               },
               "selfProvider": {"selfProvider": true},
               "title": "VM CPU Demand  > 80%",
               "viewDefinitionId": "6061c14a-8d61-4217-b292-2beb1c5e5499"
            },
            "gridsterCoords": {
               "h": 8,
               "w": 4,
               "x": 9,
               "y": 1
            },
            "height": 278,
            "id": "56905419-c40f-4184-bd1e-528918a70bfa",
            "title": "VM CPU Demand  > 80%",
            "type": "View",
            "x": 1,
            "y": 1
         },
         {
            "collapsed": false,
            "config": {
               "resource": {
                  "adapterKindId": "VMWARE",
                  "allowDrag": true,
                  "allowDrop": true,
                  "checked": null,
                  "children": null,
                  "cls": "",
                  "depth": 3,
                  "expandable": true,
                  "expanded": false,
                  "href": "",
                  "hrefTarget": "",
                  "icon": "",
                  "iconCls": "resknd_default_vmware_vsphereworld",
                  "iconSrc": "images/resknd/default/16x16/VMWARE_vSphere World.png",
                  "id": "7ea9756a-3adf-40b8-b5db-2f30a950e4c0",
                  "index": 0,
                  "isFirst": true,
                  "isLast": true,
                  "leaf": true,
                  "loaded": false,
                  "loading": false,
                  "nodeType": "resource",
                  "parentId": "Ext.vcops.ResourceTree.Model-41",
                  "qshowDelay": 0,
                  "qtip": "",
                  "qtitle": "",
                  "resourceId": "resource:id:0_::_",
                  "resourceKindId": "002006VMWAREvSphere World",
                  "resourceKindKey": "{adKind=VMWARE, resKind=vSphere World}",
                  "resourceKindType": "8",
                  "resourceName": "vSphere World",
                  "root": false,
                  "text": "vSphere World",
                  "traversalSpecId": "",
                  "uniqueId": "7ea9756a-3adf-40b8-b5db-2f30a950e4c0_1462979027465",
                  "visible": true
               },
               "selfProvider": {"selfProvider": true},
               "title": "VM Memory Contention > 10%",
               "viewDefinitionId": "0175d0bb-fa88-4429-92b9-ac5e9abbedba"
            },
            "gridsterCoords": {
               "h": 8,
               "w": 4,
               "x": 1,
               "y": 17
            },
            "height": 278,
            "id": "444ab51d-7d6b-4615-a14c-155ec5fd0b8a",
            "title": "VM Memory Contention > 10%",
            "type": "View",
            "x": 2,
            "y": 2
         },
         {
            "collapsed": false,
            "config": {
               "resource": {
                  "adapterKindId": null,
                  "allowDrag": true,
                  "allowDrop": true,
                  "checked": null,
                  "children": null,
                  "cls": "",
                  "depth": 3,
                  "expandable": true,
                  "expanded": false,
                  "href": "",
                  "hrefTarget": "",
                  "icon": "",
                  "iconCls": "resknd_default_vmware_vsphereworld",
                  "iconSrc": "images/resknd/default/16x16/VMWARE_vSphere World.png",
                  "id": "7ea9756a-3adf-40b8-b5db-2f30a950e4c0",
                  "index": 0,
                  "isFirst": true,
                  "isLast": true,
                  "leaf": true,
                  "loaded": false,
                  "loading": false,
                  "nodeType": "resource",
                  "parentId": "002006VMWAREvSphere World",
                  "qshowDelay": 0,
                  "qtip": "",
                  "qtitle": "",
                  "resourceId": "resource:id:0_::_",
                  "resourceKindId": "002006VMWAREvSphere World",
                  "resourceKindKey": "{adKind=VMWARE, resKind=vSphere World}",
                  "resourceKindType": "8",
                  "resourceName": "vSphere World",
                  "root": false,
                  "text": "vSphere World",
                  "traversalSpecId": "",
                  "uniqueId": "7ea9756a-3adf-40b8-b5db-2f30a950e4c0_1462998234543",
                  "visible": true
               },
               "selfProvider": {"selfProvider": true},
               "title": "VM Snapshots",
               "viewDefinitionId": "21697bce-92fc-449f-aa8d-a993f123ba87"
            },
            "gridsterCoords": {
               "h": 8,
               "w": 4,
               "x": 9,
               "y": 25
            },
            "height": 278,
            "id": "874f3949-8d5c-4702-aa21-4104c4c1e124",
            "title": "VM Snapshots",
            "type": "View",
            "x": 4,
            "y": 3
         },
         {
            "collapsed": false,
            "config": {
               "resource": {
                  "adapterKindId": null,
                  "allowDrag": true,
                  "allowDrop": true,
                  "checked": null,
                  "children": null,
                  "cls": "",
                  "depth": 3,
                  "expandable": true,
                  "expanded": false,
                  "href": "",
                  "hrefTarget": "",
                  "icon": "",
                  "iconCls": "resknd_default_vmware_vsphereworld",
                  "iconSrc": "images/resknd/default/16x16/VMWARE_vSphere World.png",
                  "id": "eb85a4dd-9af9-4120-bcd6-3e5a3d87786c",
                  "index": 0,
                  "isFirst": true,
                  "isLast": true,
                  "leaf": true,
                  "loaded": false,
                  "loading": false,
                  "nodeType": "resource",
                  "parentId": "002006VMWAREvSphere World",
                  "qshowDelay": 0,
                  "qtip": "",
                  "qtitle": "",
                  "resourceId": "resource:id:0_::_",
                  "resourceKindId": "002006VMWAREvSphere World",
                  "resourceKindKey": "{adKind=VMWARE, resKind=vSphere World}",
                  "resourceKindType": "8",
                  "resourceName": "vSphere World",
                  "root": false,
                  "text": "vSphere World",
                  "traversalSpecId": "",
                  "uniqueId": "eb85a4dd-9af9-4120-bcd6-3e5a3d87786c_1490895617844",
                  "visible": true
               },
               "selfProvider": {"selfProvider": true},
               "title": "VM C: Drive < 5 GB",
               "viewDefinitionId": "f83a140b-1646-4348-beb7-42aaf7d86448"
            },
            "gridsterCoords": {
               "h": 8,
               "w": 4,
               "x": 1,
               "y": 33
            },
            "height": 278,
            "id": "3313cde6-604c-4dbd-80d9-06e717b019d2",
            "title": "VM C: Drive < 5 GB",
            "type": "View",
            "x": 3,
            "y": 3
         },
         {
            "collapsed": false,
            "config": {
               "resource": {
                  "adapterKindId": null,
                  "allowDrag": true,
                  "allowDrop": true,
                  "checked": null,
                  "children": null,
                  "cls": "",
                  "depth": 3,
                  "expandable": true,
                  "expanded": false,
                  "href": "",
                  "hrefTarget": "",
                  "icon": "",
                  "iconCls": "resknd_default_vmware_vsphereworld",
                  "iconSrc": "images/resknd/default/16x16/VMWARE_vSphere World.png",
                  "id": "7ea9756a-3adf-40b8-b5db-2f30a950e4c0",
                  "index": 0,
                  "isFirst": true,
                  "isLast": true,
                  "leaf": true,
                  "loaded": false,
                  "loading": false,
                  "nodeType": "resource",
                  "parentId": "002006VMWAREvSphere World",
                  "qshowDelay": 0,
                  "qtip": "",
                  "qtitle": "",
                  "resourceId": "resource:id:0_::_",
                  "resourceKindId": "002006VMWAREvSphere World",
                  "resourceKindKey": "{adKind=VMWARE, resKind=vSphere World}",
                  "resourceKindType": "8",
                  "resourceName": "vSphere World",
                  "root": false,
                  "text": "vSphere World",
                  "traversalSpecId": "",
                  "uniqueId": "7ea9756a-3adf-40b8-b5db-2f30a950e4c0_1463416165126",
                  "visible": true
               },
               "selfProvider": {"selfProvider": true},
               "title": "VM CPU Co-Stop > 3%",
               "viewDefinitionId": "596b380d-a48f-4a2b-a491-23dc0742f518"
            },
            "gridsterCoords": {
               "h": 7,
               "w": 4,
               "x": 1,
               "y": 2
            },
            "height": 242,
            "id": "876c777a-8db3-482b-89a3-cb95b9e4afa1",
            "title": "VM CPU Co-Stop > 3%",
            "type": "View",
            "x": 4,
            "y": 1
         },
         {
            "collapsed": false,
            "config": {
               "resource": {
                  "adapterKindId": null,
                  "allowDrag": true,
                  "allowDrop": true,
                  "checked": null,
                  "children": null,
                  "cls": "",
                  "depth": 3,
                  "expandable": true,
                  "expanded": false,
                  "href": "",
                  "hrefTarget": "",
                  "icon": "",
                  "iconCls": "resknd_default_vmware_vsphereworld",
                  "iconSrc": "images/resknd/default/16x16/VMWARE_vSphere World.png",
                  "id": "7ea9756a-3adf-40b8-b5db-2f30a950e4c0",
                  "index": 0,
                  "isFirst": true,
                  "isLast": true,
                  "leaf": true,
                  "loaded": false,
                  "loading": false,
                  "nodeType": "resource",
                  "parentId": "002006VMWAREvSphere World",
                  "qshowDelay": 0,
                  "qtip": "",
                  "qtitle": "",
                  "resourceId": "resource:id:0_::_",
                  "resourceKindId": "002006VMWAREvSphere World",
                  "resourceKindKey": "{adKind=VMWARE, resKind=vSphere World}",
                  "resourceKindType": "8",
                  "resourceName": "vSphere World",
                  "root": false,
                  "text": "vSphere World",
                  "traversalSpecId": "",
                  "uniqueId": "7ea9756a-3adf-40b8-b5db-2f30a950e4c0_1463073808609",
                  "visible": true
               },
               "selfProvider": {"selfProvider": true},
               "title": "VM Network Packet Drop > 0%",
               "viewDefinitionId": "d08d187c-a280-4a9a-a35e-043876905aca"
            },
            "gridsterCoords": {
               "h": 8,
               "w": 4,
               "x": 1,
               "y": 49
            },
            "height": 278,
            "id": "f1c8173f-1760-4c2d-b212-e1430d15c6bc",
            "title": "VM Network Packet Drop > 0%",
            "type": "View",
            "x": 2,
            "y": 4
         },
         {
            "collapsed": false,
            "config": {
               "resource": {
                  "adapterKindId": null,
                  "allowDrag": true,
                  "allowDrop": true,
                  "checked": null,
                  "children": null,
                  "cls": "",
                  "depth": 3,
                  "expandable": true,
                  "expanded": false,
                  "href": "",
                  "hrefTarget": "",
                  "icon": "",
                  "iconCls": "resknd_default_vmware_vsphereworld",
                  "iconSrc": "images/resknd/default/16x16/VMWARE_vSphere World.png",
                  "id": "7ea9756a-3adf-40b8-b5db-2f30a950e4c0",
                  "index": 0,
                  "isFirst": true,
                  "isLast": true,
                  "leaf": true,
                  "loaded": false,
                  "loading": false,
                  "nodeType": "resource",
                  "parentId": "002006VMWAREvSphere World",
                  "qshowDelay": 0,
                  "qtip": "",
                  "qtitle": "",
                  "resourceId": "resource:id:0_::_",
                  "resourceKindId": "002006VMWAREvSphere World",
                  "resourceKindKey": "{adKind=VMWARE, resKind=vSphere World}",
                  "resourceKindType": "8",
                  "resourceName": "vSphere World",
                  "root": false,
                  "text": "vSphere World",
                  "traversalSpecId": "",
                  "uniqueId": "7ea9756a-3adf-40b8-b5db-2f30a950e4c0_1463509132138",
                  "visible": true
               },
               "selfProvider": {"selfProvider": true},
               "title": "VM IOPS > 1000",
               "viewDefinitionId": "1dad3f0f-2d18-4c49-8b3b-7020e6d9c904"
            },
            "gridsterCoords": {
               "h": 8,
               "w": 4,
               "x": 1,
               "y": 41
            },
            "height": 278,
            "id": "c289437f-f00b-471d-a4a9-337e17d7a0d2",
            "title": "VM IOPS > 1000",
            "type": "View",
            "x": 1,
            "y": 4
         },
         {
            "collapsed": false,
            "config": {
               "resource": {
                  "adapterKindId": null,
                  "allowDrag": true,
                  "allowDrop": true,
                  "checked": null,
                  "children": null,
                  "cls": "",
                  "depth": 3,
                  "expandable": true,
                  "expanded": false,
                  "href": "",
                  "hrefTarget": "",
                  "icon": "",
                  "iconCls": "resknd_default_vmware_vsphereworld",
                  "iconSrc": "images/resknd/default/16x16/VMWARE_vSphere World.png",
                  "id": "7ea9756a-3adf-40b8-b5db-2f30a950e4c0",
                  "index": 0,
                  "isFirst": true,
                  "isLast": true,
                  "leaf": true,
                  "loaded": false,
                  "loading": false,
                  "nodeType": "resource",
                  "parentId": "002006VMWAREvSphere World",
                  "qshowDelay": 0,
                  "qtip": "",
                  "qtitle": "",
                  "resourceId": "resource:id:0_::_",
                  "resourceKindId": "002006VMWAREvSphere World",
                  "resourceKindKey": "{adKind=VMWARE, resKind=vSphere World}",
                  "resourceKindType": "8",
                  "resourceName": "vSphere World",
                  "root": false,
                  "text": "vSphere World",
                  "traversalSpecId": "",
                  "uniqueId": "7ea9756a-3adf-40b8-b5db-2f30a950e4c0_1471359818710",
                  "visible": true
               },
               "selfProvider": {"selfProvider": true},
               "title": "VM MEM Usage > 80%",
               "viewDefinitionId": "af261f22-b404-4d2b-a1cc-d2702f92a230"
            },
            "gridsterCoords": {
               "h": 8,
               "w": 4,
               "x": 5,
               "y": 17
            },
            "height": 278,
            "id": "3254b93d-6401-43fa-812d-09121a941dc5",
            "title": "VM MEM Usage > 80%",
            "type": "View",
            "x": 1,
            "y": 2
         },
         {
            "collapsed": false,
            "config": {
               "resource": {
                  "adapterKindId": null,
                  "allowDrag": true,
                  "allowDrop": true,
                  "checked": null,
                  "children": null,
                  "cls": "",
                  "depth": 3,
                  "expandable": true,
                  "expanded": false,
                  "href": "",
                  "hrefTarget": "",
                  "icon": "",
                  "iconCls": "resknd_default_vmware_vsphereworld",
                  "iconSrc": "images/resknd/default/16x16/VMWARE_vSphere World.png",
                  "id": "7ea9756a-3adf-40b8-b5db-2f30a950e4c0",
                  "index": 0,
                  "isFirst": true,
                  "isLast": true,
                  "leaf": true,
                  "loaded": false,
                  "loading": false,
                  "nodeType": "resource",
                  "parentId": "002006VMWAREvSphere World",
                  "qshowDelay": 0,
                  "qtip": "",
                  "qtitle": "",
                  "resourceId": "resource:id:0_::_",
                  "resourceKindId": "002006VMWAREvSphere World",
                  "resourceKindKey": "{adKind=VMWARE, resKind=vSphere World}",
                  "resourceKindType": "8",
                  "resourceName": "vSphere World",
                  "root": false,
                  "text": "vSphere World",
                  "traversalSpecId": "",
                  "uniqueId": "7ea9756a-3adf-40b8-b5db-2f30a950e4c0_1464021243255",
                  "visible": true
               },
               "selfProvider": {"selfProvider": true},
               "title": "VM Network > 1 MB/s",
               "viewDefinitionId": "3e69b312-f8dc-4907-98f9-015bb4311628"
            },
            "gridsterCoords": {
               "h": 8,
               "w": 4,
               "x": 5,
               "y": 41
            },
            "height": 278,
            "id": "b06d8080-4049-4d68-ac13-d90d67eff9f2",
            "title": "VM Network > 1 MB/s",
            "type": "View",
            "x": 3,
            "y": 4
         },
         {
            "collapsed": true,
            "config": {
               "locationFile": "Metric Guide",
               "locationUrl": "",
               "refreshContent": {"refreshContent": false},
               "refreshInterval": 300,
               "title": "VM Metric Guide (Expand to View)",
               "viewModeHTML": true
            },
            "gridsterCoords": {
               "h": 1,
               "w": 4,
               "x": 1,
               "y": 1
            },
            "height": 386,
            "id": "7e2dd8de-dd10-4af9-8dcf-af0c2d28c6c4",
            "title": "VM Metric Guide (Expand to View)",
            "type": "TextDisplay",
            "x": 9,
            "y": 1
         },
         {
            "collapsed": false,
            "config": {
               "resource": {
                  "adapterKindId": "VMWARE",
                  "allowDrag": true,
                  "allowDrop": true,
                  "checked": null,
                  "children": null,
                  "cls": "",
                  "depth": 3,
                  "expandable": true,
                  "expanded": false,
                  "href": "",
                  "hrefTarget": "",
                  "icon": "",
                  "iconCls": "resknd_default_vmware_vsphereworld",
                  "iconSrc": "images/resknd/default/16x16/VMWARE_vSphere World.png",
                  "id": "7ea9756a-3adf-40b8-b5db-2f30a950e4c0",
                  "index": 0,
                  "isFirst": true,
                  "isLast": true,
                  "leaf": true,
                  "loaded": false,
                  "loading": false,
                  "nodeType": "resource",
                  "parentId": "Ext.vcops.ResourceTree.Model-123",
                  "qshowDelay": 0,
                  "qtip": "",
                  "qtitle": "",
                  "resourceId": "resource:id:0_::_",
                  "resourceKindId": "002006VMWAREvSphere World",
                  "resourceKindKey": "{adKind=VMWARE, resKind=vSphere World}",
                  "resourceKindType": "8",
                  "resourceName": "vSphere World",
                  "root": false,
                  "text": "vSphere World",
                  "traversalSpecId": "",
                  "uniqueId": "7ea9756a-3adf-40b8-b5db-2f30a950e4c0_1465853147836",
                  "visible": true
               },
               "selfProvider": {"selfProvider": true},
               "title": "VM Disk Swap In",
               "viewDefinitionId": "e7225b53-f82e-4a7c-bea8-91cc66325000"
            },
            "gridsterCoords": {
               "h": 9,
               "w": 4,
               "x": 9,
               "y": 41
            },
            "height": 314,
            "id": "d820978e-d804-419f-89b1-3be96063fd49",
            "title": "VM Disk Swap In",
            "type": "View",
            "x": 7,
            "y": 1
         },
         {
            "collapsed": false,
            "config": {
               "resource": {
                  "adapterKindId": "VMWARE",
                  "allowDrag": true,
                  "allowDrop": true,
                  "checked": null,
                  "children": null,
                  "cls": "",
                  "depth": 3,
                  "expandable": true,
                  "expanded": false,
                  "href": "",
                  "hrefTarget": "",
                  "icon": "",
                  "iconCls": "resknd_default_vmware_vsphereworld",
                  "iconSrc": "images/resknd/default/16x16/VMWARE_vSphere World.png",
                  "id": "7ea9756a-3adf-40b8-b5db-2f30a950e4c0",
                  "index": 0,
                  "isFirst": true,
                  "isLast": true,
                  "leaf": true,
                  "loaded": false,
                  "loading": false,
                  "nodeType": "resource",
                  "parentId": "Ext.vcops.ResourceTree.Model-41",
                  "qshowDelay": 0,
                  "qtip": "",
                  "qtitle": "",
                  "resourceId": "resource:id:0_::_",
                  "resourceKindId": "002006VMWAREvSphere World",
                  "resourceKindKey": "{adKind=VMWARE, resKind=vSphere World}",
                  "resourceKindType": "8",
                  "resourceName": "vSphere World",
                  "root": false,
                  "text": "vSphere World",
                  "traversalSpecId": "",
                  "uniqueId": "7ea9756a-3adf-40b8-b5db-2f30a950e4c0_1465852905708",
                  "visible": true
               },
               "selfProvider": {"selfProvider": true},
               "title": "VM CPU Reservation",
               "viewDefinitionId": "f4b52a11-9970-4044-be78-acd9b097b6c7"
            },
            "gridsterCoords": {
               "h": 8,
               "w": 4,
               "x": 1,
               "y": 9
            },
            "height": 278,
            "id": "610599fa-a87f-44fa-94cf-0b71114fddfa",
            "title": "VM CPU Reservation",
            "type": "View",
            "x": 5,
            "y": 1
         },
         {
            "collapsed": false,
            "config": {
               "resource": {
                  "adapterKindId": "VMWARE",
                  "allowDrag": true,
                  "allowDrop": true,
                  "checked": null,
                  "children": null,
                  "cls": "",
                  "depth": 3,
                  "expandable": true,
                  "expanded": false,
                  "href": "",
                  "hrefTarget": "",
                  "icon": "",
                  "iconCls": "resknd_default_vmware_vsphereworld",
                  "iconSrc": "images/resknd/default/16x16/VMWARE_vSphere World.png",
                  "id": "7ea9756a-3adf-40b8-b5db-2f30a950e4c0",
                  "index": 0,
                  "isFirst": true,
                  "isLast": true,
                  "leaf": true,
                  "loaded": false,
                  "loading": false,
                  "nodeType": "resource",
                  "parentId": "Ext.vcops.ResourceTree.Model-82",
                  "qshowDelay": 0,
                  "qtip": "",
                  "qtitle": "",
                  "resourceId": "resource:id:0_::_",
                  "resourceKindId": "002006VMWAREvSphere World",
                  "resourceKindKey": "{adKind=VMWARE, resKind=vSphere World}",
                  "resourceKindType": "8",
                  "resourceName": "vSphere World",
                  "root": false,
                  "text": "vSphere World",
                  "traversalSpecId": "",
                  "uniqueId": "7ea9756a-3adf-40b8-b5db-2f30a950e4c0_1465853005931",
                  "visible": true
               },
               "selfProvider": {"selfProvider": true},
               "title": "VM MEM Reservation",
               "viewDefinitionId": "c1cc15b2-4d8e-4400-ab5d-7c0cb36da9d0"
            },
            "gridsterCoords": {
               "h": 8,
               "w": 4,
               "x": 9,
               "y": 17
            },
            "height": 278,
            "id": "ee7a1616-91a2-426f-9e38-45fd7db49504",
            "title": "VM MEM Reservation",
            "type": "View",
            "x": 6,
            "y": 1
         },
         {
            "collapsed": false,
            "config": {
               "resource": {
                  "adapterKindId": "VMWARE",
                  "allowDrag": true,
                  "allowDrop": true,
                  "checked": null,
                  "children": null,
                  "cls": "",
                  "depth": 3,
                  "expandable": true,
                  "expanded": false,
                  "href": "",
                  "hrefTarget": "",
                  "icon": "",
                  "iconCls": "resknd_default_vmware_vsphereworld",
                  "iconSrc": "images/resknd/default/16x16/VMWARE_vSphere World.png",
                  "id": "7ea9756a-3adf-40b8-b5db-2f30a950e4c0",
                  "index": 0,
                  "isFirst": true,
                  "isLast": true,
                  "leaf": true,
                  "loaded": false,
                  "loading": false,
                  "nodeType": "resource",
                  "parentId": "Ext.vcops.ResourceTree.Model-41",
                  "qshowDelay": 0,
                  "qtip": "",
                  "qtitle": "",
                  "resourceId": "resource:id:0_::_",
                  "resourceKindId": "002006VMWAREvSphere World",
                  "resourceKindKey": "{adKind=VMWARE, resKind=vSphere World}",
                  "resourceKindType": "8",
                  "resourceName": "vSphere World",
                  "root": false,
                  "text": "vSphere World",
                  "traversalSpecId": "",
                  "uniqueId": "7ea9756a-3adf-40b8-b5db-2f30a950e4c0_1465854787268",
                  "visible": true
               },
               "selfProvider": {"selfProvider": true},
               "title": "VM Tools Outdated",
               "viewDefinitionId": "b2f7e514-2471-4b45-b600-eab75e9bcc75"
            },
            "gridsterCoords": {
               "h": 8,
               "w": 4,
               "x": 5,
               "y": 49
            },
            "height": 278,
            "id": "6829279e-6ff5-44b4-9eb3-591833c8709f",
            "title": "VM Tools Outdated",
            "type": "View",
            "x": 8,
            "y": 1
         }
      ]
   }],
   "entries": {"resource": [{
      "adapterKindKey": "VMWARE",
      "identifiers": [],
      "internalId": "resource:id:0_::_",
      "name": "vSphere World",
      "resourceKindKey": "vSphere World"
   }]},
   "uuid": "6762c57b-b06c-4c3e-8949-1cf108010e93"
}