<?xml version="1.0" encoding="UTF-8" standalone="yes"?>
<Content>
    <Views>
        <ViewDef id="af261f22-b404-4d2b-a1cc-d2702f92a230">
            <Title>JT - VM MEM Usage % &gt; 80%</Title>
            <Description/>
            <SubjectType adapterKind="VMWARE" filter="[[{&quot;condition&quot;:&quot;GREATER_THAN&quot;,&quot;metricKey&quot;:&quot;mem|usage_average&quot;,&quot;metricValue&quot;:{&quot;isStringMetric&quot;:false,&quot;value&quot;:80},&quot;filterType&quot;:&quot;metrics&quot;},{&quot;condition&quot;:&quot;EQUALS&quot;,&quot;metricKey&quot;:&quot;summary|runtime|powerState&quot;,&quot;metricValue&quot;:{&quot;isStringMetric&quot;:true,&quot;value&quot;:&quot;Powered On&quot;},&quot;filterType&quot;:&quot;properties&quot;}]]" resourceKind="VirtualMachine" type="descendant"/>
            <SubjectType adapterKind="VMWARE" filter="[[{&quot;condition&quot;:&quot;GREATER_THAN&quot;,&quot;metricKey&quot;:&quot;mem|usage_average&quot;,&quot;metricValue&quot;:{&quot;isStringMetric&quot;:false,&quot;value&quot;:80},&quot;filterType&quot;:&quot;metrics&quot;},{&quot;condition&quot;:&quot;EQUALS&quot;,&quot;metricKey&quot;:&quot;summary|runtime|powerState&quot;,&quot;metricValue&quot;:{&quot;isStringMetric&quot;:true,&quot;value&quot;:&quot;Powered On&quot;},&quot;filterType&quot;:&quot;properties&quot;}]]" resourceKind="VirtualMachine" type="self"/>
            <Usage>dashboard</Usage>
            <Usage>report</Usage>
            <Usage>details</Usage>
            <Usage>content</Usage>
            <Controls>
                <Control id="time-interval-selector_id_555" type="time-interval-selector" visible="false">
                    <Property name="advancedTimeMode" value="false"/>
                    <Property name="unit" value="DAYS"/>
                    <Property name="count" value="7"/>
                </Control>
                <Control id="attributes-selector_id_556" type="attributes-selector" visible="false">
                    <Property name="attributeInfos">
                        <List>
                            <Item>
<Value>
    <Property name="objectType" value="RESOURCE"/>
    <Property name="attributeKey" value="mem|usage_average"/>
    <Property name="preferredUnitId" value="percent"/>
    <Property name="isStringAttribute" value="false"/>
    <Property name="adapterKind" value="VMWARE"/>
    <Property name="resourceKind" value="VirtualMachine"/>
    <Property name="rollUpType" value="NONE"/>
    <Property name="rollUpCount" value="0"/>
    <Property name="transformations">
        <List>
            <Item value="LAST"/>
        </List>
    </Property>
    <Property name="sortCriteria" value="false"/>
    <Property name="isProperty" value="false"/>
    <Property name="displayName" value="MEM % (Current)"/>
</Value>
                            </Item>
                            <Item>
<Value>
    <Property name="objectType" value="RESOURCE"/>
    <Property name="attributeKey" value="mem|usage_average"/>
    <Property name="preferredUnitId" value="percent"/>
    <Property name="isStringAttribute" value="false"/>
    <Property name="adapterKind" value="VMWARE"/>
    <Property name="resourceKind" value="VirtualMachine"/>
    <Property name="rollUpType" value="AVG"/>
    <Property name="rollUpCount" value="0"/>
    <Property name="transformations">
        <List>
            <Item value="AVG"/>
        </List>
    </Property>
    <Property name="sortCriteria" value="false"/>
    <Property name="isProperty" value="false"/>
    <Property name="displayName" value="MEM Avg % (7 days)"/>
</Value>
                            </Item>
                        </List>
                    </Property>
                </Control>
                <Control id="pagination-control_id_557" type="pagination-control" visible="true">
                    <Property name="start" value="0"/>
                    <Property name="size" value="50"/>
                </Control>
                <Control id="metadata_id_558" type="metadata" visible="false">
                    <Property name="maxPointsCount" value="5000"/>
                    <Property name="distributionColor" value="6870C4"/>
                    <Property name="hideObjectNameColumn" value="false"/>
                    <Property name="listTopResultSize" value="-1"/>
                </Control>
            </Controls>
            <DataProviders>
                <DataProvider dataType="list-view" id="list-view_id_554"/>
            </DataProviders>
            <Presentation type="list"/>
        </ViewDef>
    </Views>
</Content>
